<?xml version="1.0" encoding="utf-8"?>
<Package 
    xmlns="http://schemas.microsoft.com/appx/manifest/foundation/windows10"
    xmlns:uap="http://schemas.microsoft.com/appx/manifest/uap/windows10"
    xmlns:wincap="http://schemas.microsoft.com/appx/manifest/foundation/windows10/windowscapabilities"
    xmlns:rescap="http://schemas.microsoft.com/appx/manifest/foundation/windows10/restrictedcapabilities"
    xmlns:mobile="http://schemas.microsoft.com/appx/manifest/mobile/windows10"
    IgnorableNamespaces="uap wincap mobile">
  
  <Identity Name="Microsoft.ECApp"
            Publisher="CN=Microsoft Corporation, O=Microsoft Corporation, L=Redmond, S=Washington, C=US"
            Version="10.0.19041.4597"
            ProcessorArchitecture="neutral"/>
  
  <Properties>
    <DisplayName>ms-resource:AppDisplayName</DisplayName>
    <PublisherDisplayName>ms-resource:PublisherDisplayName</PublisherDisplayName>
    <Logo>Assets\StoreLogo.png</Logo>
  </Properties>
    
  <Resources>
      <Resource Language="en-us"/>
  </Resources>
    
  <Applications>
    <Application Id="App" Executable="Microsoft.ECApp.exe" EntryPoint="ECApp.App">
      <uap:VisualElements DisplayName="ms-resource:AppDisplayName" Description="ms-resource:AppDescription" BackgroundColor="black" Square150x150Logo="Assets\Square150x150Logo.png" Square44x44Logo="Assets\Square44x44Logo.png"  AppListEntry="none">
        <uap:SplashScreen Image="Assets\SplashScreen.png" />
      </uap:VisualElements>
      <Extensions>
        <uap:Extension Category="windows.protocol">
          <uap:Protocol Name="ms-eyecontrolspeech" />
        </uap:Extension>
      </Extensions>
    </Application>
  </Applications>

  <Dependencies>
    <TargetDeviceFamily Name="Windows.Universal" MinVersion="10.0.14393.0" MaxVersionTested="10.0.14393.0"/>
  </Dependencies>

  <Capabilities>
    <rescap:Capability Name="screenDuplication"/>
    <rescap:Capability Name="inputInjection"/>
    <rescap:Capability Name="gazeInput"/>
    <rescap:Capability Name="protectedApp"/>
    <rescap:Capability Name="activitySystem" />
    <wincap:Capability Name="cloudStore" />
    <DeviceCapability Name="humaninterfacedevice">
      <Device Id="any">
        <Function Type="usage:0001 0004"/>
        <Function Type="usage:0001 0005"/>
      </Device>
    </DeviceCapability>
  </Capabilities>
    
</Package>
